{"cameraMode":{"drawMode":0,"name":"Shaded","section":"Shading Mode"},"sceneLighting":false,"audioPlay":false,"sceneViewState":{"m_AlwaysRefresh":false,"showFog":false,"showSkybox":false,"showFlares":true,"showImageEffects":true,"showParticleSystems":true,"showVisualEffectGraphs":true,"m_FxEnabled":true},"in2DMode":false,"pivot":{"x":-0.004430203232914209,"y":0.007082195952534676,"z":0.017658554017543794},"rotation":{"x":-0.0003904362674802542,"y":0.9761291146278381,"z":-0.2172567993402481,"w":-0.001762861735187471},"size":0.25136467814445498,"orthographic":true}