{"cameraMode":{"drawMode":0,"name":"Shaded","section":"Shading Mode"},"sceneLighting":false,"audioPlay":false,"sceneViewState":{"m_AlwaysRefresh":false,"showFog":false,"showSkybox":false,"showFlares":true,"showImageEffects":true,"showParticleSystems":true,"showVisualEffectGraphs":true,"m_FxEnabled":true},"in2DMode":false,"pivot":{"x":-0.0018081627786159516,"y":0.002409672364592552,"z":0.0010385755449533463},"rotation":{"x":0.04735710844397545,"y":-0.03145943582057953,"z":0.0014923096168786288,"w":0.9983817934989929},"size":0.08983327448368073,"orthographic":true}