{"cameraMode":{"drawMode":0,"name":"Shaded","section":"Shading Mode"},"sceneLighting":true,"audioPlay":false,"sceneViewState":{"m_AlwaysRefresh":false,"showFog":false,"showSkybox":true,"showFlares":true,"showImageEffects":true,"showParticleSystems":true,"showVisualEffectGraphs":true,"m_FxEnabled":true},"in2DMode":false,"pivot":{"x":0.003616228699684143,"y":-0.1540851891040802,"z":0.97191321849823},"rotation":{"x":0.04136791080236435,"y":-0.029969817027449609,"z":0.001241476507857442,"w":0.9986940622329712},"size":0.20733368396759034,"orthographic":true}