{"cameraMode":{"drawMode":0,"name":"Shaded","section":"Shading Mode"},"sceneLighting":false,"audioPlay":false,"sceneViewState":{"m_AlwaysRefresh":false,"showFog":false,"showSkybox":false,"showFlares":true,"showImageEffects":true,"showParticleSystems":true,"showVisualEffectGraphs":true,"m_FxEnabled":true},"in2DMode":false,"pivot":{"x":-0.0018081627786159516,"y":0.002409672364592552,"z":0.0010385755449533463},"rotation":{"x":0.4114726185798645,"y":0.04017747566103935,"z":-0.01815144717693329,"w":0.9103757739067078},"size":0.08983327448368073,"orthographic":true}